{
  "target": "booked_rate",
  "train_rows": 16078,
  "test_rows": 4020,
  "models": [
    {
      "model": "baseline_mean",
      "rmse": 0.116122,
      "mae": 0.092841,
      "r2": -0.235048
    },
    {
      "model": "linear_regression",
      "rmse": 0.133788,
      "mae": 0.1125,
      "r2": -0.639434
    },
    {
      "model": "knn_regression_k_15",
      "rmse": 0.069132,
      "mae": 0.054321,
      "r2": 0.562255
    }
  ],
  "best_model": "knn_regression_k_15",
  "feature_names": [
    "avg_calendar_price",
    "avg_minimum_nights",
    "listing_count",
    "neighborhood_tourism_asset_score",
    "district_tourism_asset_score",
    "temperature_avg",
    "humidity_avg",
    "radiation_avg",
    "wind_speed_avg",
    "rain_total",
    "month",
    "day_of_week",
    "is_weekend"
  ],
  "standardization_means": [
    145.92897053935715,
    19.784333117723158,
    275.46258334162604,
    29.613692904766644,
    177.34874116827544,
    8.00090240819982,
    33.64808855607523,
    129.38696389192955,
    1.6165645288088366,
    0.6367748034630312,
    6.5288585928948155,
    3.002985371678774,
    0.2870434869141208
  ],
  "standardization_stds": [
    50.2430218929365,
    6.257505047198193,
    376.9095100975881,
    42.300175435339675,
    117.3543799194339,
    8.45561117285788,
    34.28920809757981,
    147.66248423903974,
    1.8581790547020478,
    3.3804270117703594,
    3.446892927496196,
    2.004843136873299,
    0.4523820548323107
  ],
  "linear_regression_weights": [
    0.35896931967714146,
    -0.01746196508402738,
    -0.014038328520470869,
    -0.0043650287462549025,
    0.0004992147007976135,
    0.013282835755975747,
    0.17476964968148345,
    -0.0961275583815334,
    -0.007402144669935727,
    -0.04197194661227248,
    0.010808453031945437,
    0.00878571500583137,
    0.00020912500110781268,
    0.003132333448571676
  ],
  "knn_k": 15,
  "source_table": "airbnb_zone_day_features",
  "source_database": "exploitation_zone/exploitation_zone.duckdb"
}